{
  "accuracy": 0.998544,
  "f1_weighted": 0.998545,
  "confusion_matrix": [
    [
      245,
      0,
      0,
      0,
      0,
      0
    ],
    [
      0,
      159,
      0,
      0,
      0,
      0
    ],
    [
      1,
      0,
      393,
      0,
      0,
      0
    ],
    [
      0,
      0,
      1,
      545,
      0,
      0
    ],
    [
      0,
      0,
      0,
      0,
      640,
      0
    ],
    [
      1,
      0,
      0,
      0,
      0,
      76
    ]
  ]
}