{
  "accuracy": [
    0.96891850233078,
    0.9961550235748291,
    0.9972579479217529,
    0.9975183606147766,
    0.997763454914093,
    0.9976102709770203,
    0.9980852007865906,
    0.998223066329956,
    0.998223066329956,
    0.9978553652763367,
    0.9984375238418579,
    0.9981311559677124,
    0.9981771111488342,
    0.9982690215110779,
    0.9983762502670288,
    0.998039186000824,
    0.9983762502670288,
    0.998330295085907,
    0.9984375238418579,
    0.9984375238418579,
    0.9984375238418579,
    0.9983149766921997,
    0.998330295085907,
    0.9981771111488342,
    0.998498797416687,
    0.9979625940322876,
    0.9986060261726379,
    0.9984222054481506,
    0.9985447525978088,
    0.998498797416687
  ],
  "loss": [
    0.14313805103302002,
    0.04624461382627487,
    0.03710900992155075,
    0.03289927914738655,
    0.028904326260089874,
    0.028394509106874466,
    0.026836208999156952,
    0.025433748960494995,
    0.02473491244018078,
    0.025426717475056648,
    0.023379353806376457,
    0.02419745735824108,
    0.023424504324793816,
    0.023240448907017708,
    0.023446379229426384,
    0.02559501677751541,
    0.023268062621355057,
    0.023611947894096375,
    0.022553004324436188,
    0.022403903305530548,
    0.022719714790582657,
    0.022468948736786842,
    0.023176157847046852,
    0.023111896589398384,
    0.021720293909311295,
    0.023123450577259064,
    0.022021150216460228,
    0.02149430476129055,
    0.021461941301822662,
    0.021289905533194542
  ],
  "val_accuracy": [
    0.9989583492279053,
    0.9995659589767456,
    0.9997395873069763,
    0.999913215637207,
    0.9993923902511597,
    0.9997395873069763,
    0.9997395873069763,
    0.9998263716697693,
    0.999913215637207,
    0.9993923902511597,
    0.9995659589767456,
    0.9994791746139526,
    0.9993923902511597,
    0.999913215637207,
    1.0,
    0.9996528029441833,
    0.9991319179534912,
    0.9997395873069763,
    0.9998263716697693,
    0.9997395873069763,
    0.9998263716697693,
    1.0,
    1.0,
    0.9995659589767456,
    0.9998263716697693,
    0.999913215637207,
    1.0,
    0.9998263716697693,
    0.9996528029441833,
    0.9997395873069763
  ],
  "val_loss": [
    0.036128345876932144,
    0.030149416998028755,
    0.026191217824816704,
    0.022962091490626335,
    0.022491537034511566,
    0.021095387637615204,
    0.020698998123407364,
    0.018396439030766487,
    0.017991742119193077,
    0.01924179308116436,
    0.018770139664411545,
    0.018888430669903755,
    0.018627479672431946,
    0.017110327258706093,
    0.017120428383350372,
    0.018337227404117584,
    0.019819987937808037,
    0.01764996536076069,
    0.017428508028388023,
    0.01697586290538311,
    0.017194779589772224,
    0.01656550168991089,
    0.0169808529317379,
    0.017633182927966118,
    0.016841698437929153,
    0.016773587092757225,
    0.016207505017518997,
    0.01635318249464035,
    0.017035668715834618,
    0.016507739201188087
  ],
  "learning_rate": [
    0.0010000000474974513,
    0.0010000000474974513,
    0.0010000000474974513,
    0.0010000000474974513,
    0.0010000000474974513,
    0.0010000000474974513,
    0.0010000000474974513,
    0.0010000000474974513,
    0.0010000000474974513,
    0.0010000000474974513,
    0.0010000000474974513,
    0.0010000000474974513,
    0.0010000000474974513,
    0.0010000000474974513,
    0.0010000000474974513,
    0.0010000000474974513,
    0.0010000000474974513,
    0.0010000000474974513,
    0.0010000000474974513,
    0.0010000000474974513,
    0.0010000000474974513,
    0.0010000000474974513,
    0.0010000000474974513,
    0.0010000000474974513,
    0.0010000000474974513,
    0.0010000000474974513,
    0.0010000000474974513,
    0.0010000000474974513,
    0.0010000000474974513,
    0.0010000000474974513
  ]
}