{
  "mean": [
    0.0,
    0.0,
    0.0,
    0.05717744598063353,
    -0.20317349273081214,
    -0.1212849019090262,
    0.09530158143116643,
    -0.5177699742328211,
    -0.13197029254760942,
    0.09898320249053873,
    -0.7738354296031805,
    -0.13631127282782213,
    0.0916419401834757,
    -0.945703489832208,
    -0.13758758785099537,
    0.06326183330157918,
    -0.7477755386859416,
    -0.06885634750928454,
    0.08500270125793719,
    -0.9750934266411373,
    -0.11694305327139345,
    0.08466270350605114,
    -1.035977297248781,
    -0.13243339059817677,
    0.07771984812355678,
    -1.1027975140366157,
    -0.13842443081174607,
    0.018457427479459353,
    -0.6838138012291322,
    -0.07335876361801917,
    0.03550004039967806,
    -0.8714181151758958,
    -0.11931948046905241,
    0.033453585719675424,
    -0.7988863130281395,
    -0.1353926217679921,
    0.026662526030760032,
    -0.7957424749782942,
    -0.13891132725189204,
    -0.020572127089423468,
    -0.5730036830600083,
    -0.09135067091527195,
    -0.006329589417618522,
    -0.725009589432152,
    -0.13637225475768436,
    0.0008100382404162854,
    -0.6136988192256503,
    -0.14283284484201664,
    -0.0006285367820547624,
    -0.5818557213838247,
    -0.13641056246995328,
    -0.05622985467310431,
    -0.4410432964099562,
    -0.10988050361909156,
    -0.042094063574683,
    -0.5572231769952297,
    -0.1406089267641127,
    -0.03277215309773671,
    -0.47796225821200283,
    -0.1413113208825768,
    -0.031018884166217685,
    -0.4378220715853857,
    -0.13445620233143044
  ],
  "scale": [
    1.0,
    1.0,
    1.0,
    0.33637796779369245,
    0.169631931148467,
    0.04187904240021774,
    0.5772247864158964,
    0.34330445186904834,
    0.03977868909535696,
    0.7040733612178475,
    0.49423992640072095,
    0.03776919964858653,
    0.8141150158155607,
    0.6253069520596595,
    0.037133664215826714,
    0.4072136304668538,
    0.33850869924630506,
    0.08613792245171785,
    0.5170741373681763,
    0.4589165564015322,
    0.060451063288927014,
    0.5104603317830776,
    0.5082304138466917,
    0.04506889296646274,
    0.47407172442285694,
    0.5838656510221507,
    0.03776632975774039,
    0.22941099835635503,
    0.33189918854078193,
    0.08300202715195916,
    0.3794871145100184,
    0.43608681353661544,
    0.05651419489116545,
    0.34387135980671313,
    0.26996841177526354,
    0.041023952440010676,
    0.3024042693548902,
    0.250727940473784,
    0.04000768999510936,
    0.24853617004903172,
    0.3697610604648151,
    0.07466372933005302,
    0.38651944673377664,
    0.4877162580852264,
    0.039280112697555415,
    0.3146790990735357,
    0.3633168484181985,
    0.03098538422449654,
    0.25592399744339406,
    0.3508025001812134,
    0.04297402281375917,
    0.41570650245462226,
    0.4223481820991307,
    0.06462013887651968,
    0.46820313710716444,
    0.5321937874359768,
    0.03625106535718602,
    0.38208348265467573,
    0.44499295117969595,
    0.036200545819079166,
    0.31827377455574035,
    0.40884252658481934,
    0.049119116829360966
  ],
  "var": [
    0.0,
    0.0,
    0.0,
    0.11315013721701439,
    0.028774992065158246,
    0.001753854192359235,
    0.3331884540528771,
    0.11785794667310773,
    0.0015823441061450707,
    0.4957192979765975,
    0.24427310484859008,
    0.0014265124420947887,
    0.6627832589763707,
    0.39100878429414127,
    0.0013789090180937693,
    0.16582294083799537,
    0.11458813946542541,
    0.007419741684298158,
    0.26736566353504365,
    0.2106044057394407,
    0.003654331052761859,
    0.26056975032408963,
    0.2582981535587795,
    0.0020312051132224747,
    0.22474399989726124,
    0.34089909844351984,
    0.0014262956633703874,
    0.05262940616685954,
    0.11015707135402951,
    0.006889336511334566,
    0.14401047007913978,
    0.19017170894051882,
    0.003193854224196631,
    0.11824751209531795,
    0.07288294335645824,
    0.001682964673800258,
    0.09144834212406497,
    0.06286450013422536,
    0.0016006152587447738,
    0.061770227822641216,
    0.13672324183606466,
    0.005574672477471421,
    0.1493972827033848,
    0.23786714840065515,
    0.0015429272535326542,
    0.0990229353937321,
    0.13199913234453223,
    0.0009600940355396792,
    0.06549709246740636,
    0.12306239413339021,
    0.001846766636797494,
    0.17281189618305487,
    0.1783779869224405,
    0.00417576234842069,
    0.21921417759699022,
    0.2832302273854497,
    0.0013141397395309725,
    0.1459877877175259,
    0.19801872659961525,
    0.00131047951759925,
    0.10129819556995824,
    0.16715221154425872,
    0.0024126876380964114
  ],
  "n_features": 63
}